coconut_total,sugarcane_total,rice_total
129981629216.29001,5535681525.919999,1605470383.3700001
